Hand,Equity2P,Equity3P
RiverID,ERROR,ERROR
2c 2d 2h 2s 3s 4s 5s,0.836500,0.843667
2c 2d 2h 2s 3s 4s 6s,0.860000,0.871667
2c 2d 2h 2s 3s 4s 7s,0.867500,0.850333
2c 2d 2h 2s 3s 4s 8s,0.865500,0.856000
2c 2d 2h 2s 3s 4s 9s,0.888000,0.870333
2c 2d 2h 2s 3s 4s 10s,0.890500,0.875333
2c 2d 2h 2s 3s 4s Js,0.922000,0.903667
2c 2d 2h 2s 3s 4s Qs,0.935000,0.913667
2c 2d 2h 2s 3s 4s Ks,0.953000,0.923333
2c 2d 2h 2s 3s 4s As,0.963000,0.954000
2c 2d 2h 2s 3s 5s 6s,0.876000,0.857000
2c 2d 2h 2s 3s 5s 7s,0.857500,0.879000
2c 2d 2h 2s 3s 5s 8s,0.874000,0.853333
2c 2d 2h 2s 3s 5s 9s,0.881500,0.890667
2c 2d 2h 2s 3s 5s 10s,0.918500,0.895333
2c 2d 2h 2s 3s 5s Js,0.934000,0.894667
2c 2d 2h 2s 3s 5s Qs,0.931500,0.916667
2c 2d 2h 2s 3s 5s Ks,0.948000,0.922333
2c 2d 2h 2s 3s 5s As,0.962500,0.956667
2c 2d 2h 2s 3s 6s 7s,0.871500,0.864000
2c 2d 2h 2s 3s 6s 8s,0.900500,0.865000
2c 2d 2h 2s 3s 6s 9s,0.893000,0.872667
2c 2d 2h 2s 3s 6s 10s,0.923000,0.895667
2c 2d 2h 2s 3s 6s Js,0.920500,0.888000
2c 2d 2h 2s 3s 6s Qs,0.934500,0.923333
2c 2d 2h 2s 3s 6s Ks,0.949000,0.944000
2c 2d 2h 2s 3s 6s As,0.961000,0.970667
2c 2d 2h 2s 3s 7s 8s,0.890500,0.880000
2c 2d 2h 2s 3s 7s 9s,0.882500,0.869667
2c 2d 2h 2s 3s 7s 10s,0.886500,0.877667
2c 2d 2h 2s 3s 7s Js,0.928500,0.901333
2c 2d 2h 2s 3s 7s Qs,0.929000,0.913000
2c 2d 2h 2s 3s 7s Ks,0.946000,0.944000
2c 2d 2h 2s 3s 7s As,0.966500,0.973667
2c 2d 2h 2s 3s 8s 9s,0.865000,0.873667
2c 2d 2h 2s 3s 8s 10s,0.888500,0.885000
2c 2d 2h 2s 3s 8s Js,0.915000,0.891000
2c 2d 2h 2s 3s 8s Qs,0.940500,0.919333
2c 2d 2h 2s 3s 8s Ks,0.937000,0.941667
2c 2d 2h 2s 3s 8s As,0.970000,0.967333
2c 2d 2h 2s 3s 9s 10s,0.902000,0.868333
2c 2d 2h 2s 3s 9s Js,0.925500,0.895000
2c 2d 2h 2s 3s 9s Qs,0.934000,0.916000
2c 2d 2h 2s 3s 9s Ks,0.944000,0.941667
2c 2d 2h 2s 3s 9s As,0.965000,0.968667
2c 2d 2h 2s 3s 10s Js,0.913500,0.895667
2c 2d 2h 2s 3s 10s Qs,0.936000,0.893000
2c 2d 2h 2s 3s 10s Ks,0.954000,0.947333
2c 2d 2h 2s 3s 10s As,0.974000,0.971000
2c 2d 2h 2s 3s Js Qs,0.931500,0.924333
2c 2d 2h 2s 3s Js Ks,0.953500,0.932000
2c 2d 2h 2s 3s Js As,0.970000,0.969667
2c 2d 2h 2s 3s Qs Ks,0.954500,0.939333
2c 2d 2h 2s 3s Qs As,0.968000,0.967667
2c 2d 2h 2s 3s Ks As,0.974500,0.960000
2c 2d 2h 2s 4s 5s 6s,0.846000,0.845667
2c 2d 2h 2s 4s 5s 7s,0.873500,0.858667
2c 2d 2h 2s 4s 5s 8s,0.887500,0.863667
2c 2d 2h 2s 4s 5s 9s,0.877500,0.856000
2c 2d 2h 2s 4s 5s 10s,0.904000,0.857333
2c 2d 2h 2s 4s 5s Js,0.920500,0.912000
2c 2d 2h 2s 4s 5s Qs,0.928500,0.906333
2c 2d 2h 2s 4s 5s Ks,0.953500,0.942667
2c 2d 2h 2s 4s 5s As,0.967000,0.949667
2c 2d 2h 2s 4s 6s 7s,0.861000,0.863000
2c 2d 2h 2s 4s 6s 8s,0.880000,0.863000
2c 2d 2h 2s 4s 6s 9s,0.876000,0.880333
2c 2d 2h 2s 4s 6s 10s,0.907500,0.880000
2c 2d 2h 2s 4s 6s Js,0.918000,0.898000
2c 2d 2h 2s 4s 6s Qs,0.920500,0.921000
2c 2d 2h 2s 4s 6s Ks,0.960500,0.923667
2c 2d 2h 2s 4s 6s As,0.967500,0.970000
2c 2d 2h 2s 4s 7s 8s,0.874500,0.873333
2c 2d 2h 2s 4s 7s 9s,0.894000,0.871667
2c 2d 2h 2s 4s 7s 10s,0.904000,0.883333
2c 2d 2h 2s 4s 7s Js,0.904500,0.896333
2c 2d 2h 2s 4s 7s Qs,0.931000,0.904667
2c 2d 2h 2s 4s 7s Ks,0.946000,0.935667
2c 2d 2h 2s 4s 7s As,0.972500,0.970000
2c 2d 2h 2s 4s 8s 9s,0.892500,0.861333
2c 2d 2h 2s 4s 8s 10s,0.908500,0.872000
2c 2d 2h 2s 4s 8s Js,0.924500,0.893667
2c 2d 2h 2s 4s 8s Qs,0.933000,0.909000
2c 2d 2h 2s 4s 8s Ks,0.953000,0.941333
2c 2d 2h 2s 4s 8s As,0.973500,0.964000
2c 2d 2h 2s 4s 9s 10s,0.901500,0.877667
2c 2d 2h 2s 4s 9s Js,0.916000,0.869667
2c 2d 2h 2s 4s 9s Qs,0.916000,0.918000
2c 2d 2h 2s 4s 9s Ks,0.959000,0.939000
2c 2d 2h 2s 4s 9s As,0.966000,0.972333
2c 2d 2h 2s 4s 10s Js,0.907500,0.906333
2c 2d 2h 2s 4s 10s Qs,0.925500,0.907000
2c 2d 2h 2s 4s 10s Ks,0.949500,0.924667
2c 2d 2h 2s 4s 10s As,0.975500,0.967667
2c 2d 2h 2s 4s Js Qs,0.942000,0.910667
2c 2d 2h 2s 4s Js Ks,0.955000,0.935000
2c 2d 2h 2s 4s Js As,0.969500,0.972667
2c 2d 2h 2s 4s Qs Ks,0.954500,0.934000
2c 2d 2h 2s 4s Qs As,0.970500,0.971667
2c 2d 2h 2s 4s Ks As,0.973500,0.963333
2c 2d 2h 2s 5s 6s 7s,0.855500,0.866000
2c 2d 2h 2s 5s 6s 8s,0.860500,0.855667
2c 2d 2h 2s 5s 6s 9s,0.879000,0.878000
2c 2d 2h 2s 5s 6s 10s,0.895000,0.893667
2c 2d 2h 2s 5s 6s Js,0.923000,0.889333
2c 2d 2h 2s 5s 6s Qs,0.936500,0.918667
2c 2d 2h 2s 5s 6s Ks,0.944500,0.934333
2c 2d 2h 2s 5s 6s As,0.971000,0.957333
2c 2d 2h 2s 5s 7s 8s,0.891500,0.857667
2c 2d 2h 2s 5s 7s 9s,0.895000,0.895667
2c 2d 2h 2s 5s 7s 10s,0.908000,0.894667
2c 2d 2h 2s 5s 7s Js,0.928500,0.912667
2c 2d 2h 2s 5s 7s Qs,0.932500,0.906667
2c 2d 2h 2s 5s 7s Ks,0.942500,0.931333
2c 2d 2h 2s 5s 7s As,0.960000,0.973667
2c 2d 2h 2s 5s 8s 9s,0.896000,0.863000
2c 2d 2h 2s 5s 8s 10s,0.917500,0.874000
2c 2d 2h 2s 5s 8s Js,0.900500,0.874667
2c 2d 2h 2s 5s 8s Qs,0.925000,0.903333
2c 2d 2h 2s 5s 8s Ks,0.944000,0.931333
2c 2d 2h 2s 5s 8s As,0.975000,0.964000
2c 2d 2h 2s 5s 9s 10s,0.892000,0.881333
2c 2d 2h 2s 5s 9s Js,0.923500,0.875667
2c 2d 2h 2s 5s 9s Qs,0.936500,0.924000
2c 2d 2h 2s 5s 9s Ks,0.945500,0.931667
2c 2d 2h 2s 5s 9s As,0.966000,0.965667
2c 2d 2h 2s 5s 10s Js,0.928500,0.894667
2c 2d 2h 2s 5s 10s Qs,0.931000,0.918333
2c 2d 2h 2s 5s 10s Ks,0.942500,0.946667
2c 2d 2h 2s 5s 10s As,0.967500,0.968000
2c 2d 2h 2s 5s Js Qs,0.932500,0.901333
2c 2d 2h 2s 5s Js Ks,0.945500,0.948000
2c 2d 2h 2s 5s Js As,0.977500,0.971667
2c 2d 2h 2s 5s Qs Ks,0.960000,0.929000
2c 2d 2h 2s 5s Qs As,0.961000,0.965667
2c 2d 2h 2s 5s Ks As,0.970000,0.973000
2c 2d 2h 2s 6s 7s 8s,0.888500,0.857333
2c 2d 2h 2s 6s 7s 9s,0.895000,0.868333
2c 2d 2h 2s 6s 7s 10s,0.922000,0.894000
2c 2d 2h 2s 6s 7s Js,0.909500,0.899333
2c 2d 2h 2s 6s 7s Qs,0.928500,0.906667
2c 2d 2h 2s 6s 7s Ks,0.953000,0.935667
2c 2d 2h 2s 6s 7s As,0.962000,0.968333
2c 2d 2h 2s 6s 8s 9s,0.889500,0.870667
2c 2d 2h 2s 6s 8s 10s,0.909000,0.879333
2c 2d 2h 2s 6s 8s Js,0.922500,0.893333
2c 2d 2h 2s 6s 8s Qs,0.931000,0.919333
2c 2d 2h 2s 6s 8s Ks,0.948500,0.934000
2c 2d 2h 2s 6s 8s As,0.961500,0.967333
2c 2d 2h 2s 6s 9s 10s,0.904000,0.874000
2c 2d 2h 2s 6s 9s Js,0.898000,0.913000
2c 2d 2h 2s 6s 9s Qs,0.923000,0.918000
2c 2d 2h 2s 6s 9s Ks,0.943000,0.932667
2c 2d 2h 2s 6s 9s As,0.965500,0.971667
2c 2d 2h 2s 6s 10s Js,0.903000,0.893667
2c 2d 2h 2s 6s 10s Qs,0.925000,0.907333
2c 2d 2h 2s 6s 10s Ks,0.956500,0.940667
2c 2d 2h 2s 6s 10s As,0.968000,0.972000
2c 2d 2h 2s 6s Js Qs,0.933500,0.921333
2c 2d 2h 2s 6s Js Ks,0.957000,0.939333
2c 2d 2h 2s 6s Js As,0.971000,0.968000
2c 2d 2h 2s 6s Qs Ks,0.955500,0.943333
2c 2d 2h 2s 6s Qs As,0.971500,0.965667
2c 2d 2h 2s 6s Ks As,0.965500,0.963333
2c 2d 2h 2s 7s 8s 9s,0.881000,0.884000
2c 2d 2h 2s 7s 8s 10s,0.893500,0.869333
2c 2d 2h 2s 7s 8s Js,0.921500,0.885667
2c 2d 2h 2s 7s 8s Qs,0.932000,0.920000
2c 2d 2h 2s 7s 8s Ks,0.946500,0.933333
2c 2d 2h 2s 7s 8s As,0.967500,0.970000
2c 2d 2h 2s 7s 9s 10s,0.892000,0.886333
2c 2d 2h 2s 7s 9s Js,0.923000,0.896333
2c 2d 2h 2s 7s 9s Qs,0.939500,0.922667
2c 2d 2h 2s 7s 9s Ks,0.947500,0.939333
2c 2d 2h 2s 7s 9s As,0.967000,0.972667
2c 2d 2h 2s 7s 10s Js,0.926000,0.913000
2c 2d 2h 2s 7s 10s Qs,0.940000,0.920000
2c 2d 2h 2s 7s 10s Ks,0.946500,0.938667
2c 2d 2h 2s 7s 10s As,0.970000,0.965000
2c 2d 2h 2s 7s Js Qs,0.933500,0.923667
2c 2d 2h 2s 7s Js Ks,0.941500,0.945667
2c 2d 2h 2s 7s Js As,0.969500,0.963667
2c 2d 2h 2s 7s Qs Ks,0.941500,0.932667
2c 2d 2h 2s 7s Qs As,0.970500,0.969333
2c 2d 2h 2s 7s Ks As,0.966000,0.965667
2c 2d 2h 2s 8s 9s 10s,0.915500,0.888333
2c 2d 2h 2s 8s 9s Js,0.926500,0.893000
2c 2d 2h 2s 8s 9s Qs,0.921000,0.916333
2c 2d 2h 2s 8s 9s Ks,0.953500,0.942667
2c 2d 2h 2s 8s 9s As,0.972000,0.965333
2c 2d 2h 2s 8s 10s Js,0.919500,0.910000
2c 2d 2h 2s 8s 10s Qs,0.931500,0.913333
2c 2d 2h 2s 8s 10s Ks,0.956500,0.941667
2c 2d 2h 2s 8s 10s As,0.971500,0.963667
2c 2d 2h 2s 8s Js Qs,0.943000,0.919333
2c 2d 2h 2s 8s Js Ks,0.946500,0.933000
2c 2d 2h 2s 8s Js As,0.964000,0.968333
2c 2d 2h 2s 8s Qs Ks,0.955000,0.943333
2c 2d 2h 2s 8s Qs As,0.975000,0.966000
2c 2d 2h 2s 8s Ks As,0.973000,0.970667
2c 2d 2h 2s 9s 10s Js,0.928000,0.888667
2c 2d 2h 2s 9s 10s Qs,0.940500,0.913000
2c 2d 2h 2s 9s 10s Ks,0.941000,0.941333
2c 2d 2h 2s 9s 10s As,0.967500,0.973667
2c 2d 2h 2s 9s Js Qs,0.934000,0.912000
2c 2d 2h 2s 9s Js Ks,0.949000,0.936000
2c 2d 2h 2s 9s Js As,0.968500,0.971667
2c 2d 2h 2s 9s Qs Ks,0.956000,0.935667
2c 2d 2h 2s 9s Qs As,0.970000,0.972333
2c 2d 2h 2s 9s Ks As,0.970500,0.965667
2c 2d 2h 2s 10s Js Qs,0.928000,0.918000
2c 2d 2h 2s 10s Js Ks,0.948500,0.935333
2c 2d 2h 2s 10s Js As,0.965000,0.962667
2c 2d 2h 2s 10s Qs Ks,0.941500,0.938333
2c 2d 2h 2s 10s Qs As,0.965000,0.963333
2c 2d 2h 2s 10s Ks As,0.969000,0.972333
2c 2d 2h 2s Js Qs Ks,0.940500,0.938333
2c 2d 2h 2s Js Qs As,0.971500,0.965333
2c 2d 2h 2s Js Ks As,0.971000,0.968333
2c 2d 2h 2s Qs Ks As,0.968000,0.964667
2c 2d 2h 3h 3s 4s 5s,0.884000,0.795000
2c 2d 2h 3h 3s 4s 6s,0.865500,0.789000
2c 2d 2h 3h 3s 4s 7s,0.872500,0.800667
2c 2d 2h 3h 3s 4s 8s,0.880000,0.808000
2c 2d 2h 3h 3s 4s 9s,0.875500,0.804667
2c 2d 2h 3h 3s 4s 10s,0.879000,0.787000
2c 2d 2h 3h 3s 4s Js,0.867500,0.772333
2c 2d 2h 3h 3s 4s Qs,0.881500,0.784333
2c 2d 2h 3h 3s 4s Ks,0.886500,0.808000
2c 2d 2h 3h 3s 4s As,0.866000,0.805333
2c 2d 2h 3h 3s 5s 6s,0.874500,0.785667
2c 2d 2h 3h 3s 5s 7s,0.883000,0.815333
2c 2d 2h 3h 3s 5s 8s,0.868000,0.794000
2c 2d 2h 3h 3s 5s 9s,0.876000,0.805333
2c 2d 2h 3h 3s 5s 10s,0.884000,0.786667
2c 2d 2h 3h 3s 5s Js,0.890500,0.814667
2c 2d 2h 3h 3s 5s Qs,0.875500,0.805667
2c 2d 2h 3h 3s 5s Ks,0.878000,0.777667
2c 2d 2h 3h 3s 5s As,0.861000,0.810333
2c 2d 2h 3h 3s 6s 7s,0.878000,0.796333
2c 2d 2h 3h 3s 6s 8s,0.883500,0.794000
2c 2d 2h 3h 3s 6s 9s,0.882000,0.797000
2c 2d 2h 3h 3s 6s 10s,0.871500,0.792667
2c 2d 2h 3h 3s 6s Js,0.875000,0.795667
2c 2d 2h 3h 3s 6s Qs,0.881500,0.808667
2c 2d 2h 3h 3s 6s Ks,0.875000,0.807333
2c 2d 2h 3h 3s 6s As,0.896000,0.797000
2c 2d 2h 3h 3s 7s 8s,0.866000,0.798667
2c 2d 2h 3h 3s 7s 9s,0.885000,0.802333
2c 2d 2h 3h 3s 7s 10s,0.881000,0.804333
2c 2d 2h 3h 3s 7s Js,0.877500,0.808667
2c 2d 2h 3h 3s 7s Qs,0.870000,0.804667
2c 2d 2h 3h 3s 7s Ks,0.880000,0.801333
2c 2d 2h 3h 3s 7s As,0.871000,0.807667
2c 2d 2h 3h 3s 8s 9s,0.879500,0.808667
2c 2d 2h 3h 3s 8s 10s,0.888000,0.797000
2c 2d 2h 3h 3s 8s Js,0.882000,0.778333
2c 2d 2h 3h 3s 8s Qs,0.884500,0.792333
2c 2d 2h 3h 3s 8s Ks,0.871500,0.816667
2c 2d 2h 3h 3s 8s As,0.883000,0.809000
2c 2d 2h 3h 3s 9s 10s,0.887500,0.801000
2c 2d 2h 3h 3s 9s Js,0.877500,0.798000
2c 2d 2h 3h 3s 9s Qs,0.872000,0.814333
2c 2d 2h 3h 3s 9s Ks,0.886500,0.802667
2c 2d 2h 3h 3s 9s As,0.863000,0.796333
2c 2d 2h 3h 3s 10s Js,0.881000,0.787000
2c 2d 2h 3h 3s 10s Qs,0.865000,0.795333
2c 2d 2h 3h 3s 10s Ks,0.879500,0.814333
2c 2d 2h 3h 3s 10s As,0.863500,0.788667
2c 2d 2h 3h 3s Js Qs,0.880500,0.798000
2c 2d 2h 3h 3s Js Ks,0.867500,0.795000
2c 2d 2h 3h 3s Js As,0.884000,0.787667
2c 2d 2h 3h 3s Qs Ks,0.863500,0.797000
2c 2d 2h 3h 3s Qs As,0.906500,0.810333
2c 2d 2h 3h 3s Ks As,0.877500,0.795000
2c 2d 2h 3h 4h 4s 5s,0.908500,0.829667
2c 2d 2h 3h 4h 4s 6s,0.897500,0.800000
2c 2d 2h 3h 4h 4s 7s,0.891500,0.814000
2c 2d 2h 3h 4h 4s 8s,0.905000,0.819000
2c 2d 2h 3h 4h 4s 9s,0.898000,0.836667
2c 2d 2h 3h 4h 4s 10s,0.898000,0.826333
2c 2d 2h 3h 4h 4s Js,0.905000,0.837333
2c 2d 2h 3h 4h 4s Qs,0.893000,0.826333
2c 2d 2h 3h 4h 4s Ks,0.907500,0.855667
2c 2d 2h 3h 4h 4s As,0.889000,0.839667
2c 2d 2h 3h 4h 5h 5s,0.896000,0.836333
2c 2d 2h 3h 4h 5h 6h,0.970500,0.972333
2c 2d 2h 3h 4h 5h 6s,0.701000,0.595667
2c 2d 2h 3h 4h 5s 6s,0.745500,0.628000
2c 2d 2h 3h 4s 5s 6s,0.766000,0.639000
2c 2d 2h 3s 4s 5s 6s,0.735000,0.583333
2c 2d 2h 3h 4h 5h 7h,0.699000,0.512333
2c 2d 2h 3h 4h 5h 7s,0.527500,0.417667
2c 2d 2h 3h 4h 5s 7s,0.575500,0.438333
2c 2d 2h 3h 4s 5s 7s,0.583500,0.475333
2c 2d 2h 3s 4s 5s 7s,0.563500,0.439333
2c 2d 2h 3h 4h 5h 8h,0.689000,0.513667
2c 2d 2h 3h 4h 5h 8s,0.550000,0.411000
2c 2d 2h 3h 4h 5s 8s,0.555500,0.450000
2c 2d 2h 3h 4s 5s 8s,0.584500,0.487000
2c 2d 2h 3s 4s 5s 8s,0.518500,0.403333
2c 2d 2h 3h 4h 5h 9h,0.700500,0.526333
2c 2d 2h 3h 4h 5h 9s,0.543500,0.430333
2c 2d 2h 3h 4h 5s 9s,0.594500,0.489333
2c 2d 2h 3h 4s 5s 9s,0.582500,0.470000
2c 2d 2h 3s 4s 5s 9s,0.543000,0.437333
2c 2d 2h 3h 4h 5h 10h,0.713000,0.526000
2c 2d 2h 3h 4h 5h 10s,0.578500,0.449667
2c 2d 2h 3h 4h 5s 10s,0.595500,0.480000
2c 2d 2h 3h 4s 5s 10s,0.557000,0.474667
2c 2d 2h 3s 4s 5s 10s,0.542500,0.436000
2c 2d 2h 3h 4h 5h Jh,0.697500,0.520667
2c 2d 2h 3h 4h 5h Js,0.544500,0.437667
2c 2d 2h 3h 4h 5s Js,0.590500,0.464667
2c 2d 2h 3h 4s 5s Js,0.571000,0.487000
2c 2d 2h 3s 4s 5s Js,0.539000,0.434333
2c 2d 2h 3h 4h 5h Qh,0.696500,0.547333
2c 2d 2h 3h 4h 5h Qs,0.569500,0.423000
2c 2d 2h 3h 4h 5s Qs,0.577500,0.493000
2c 2d 2h 3h 4s 5s Qs,0.598500,0.489000
2c 2d 2h 3s 4s 5s Qs,0.610000,0.420667
2c 2d 2h 3h 4h 5h Kh,0.720000,0.572667
2c 2d 2h 3h 4h 5h Ks,0.567500,0.445667
2c 2d 2h 3h 4h 5s Ks,0.590000,0.485000
2c 2d 2h 3h 4s 5s Ks,0.612500,0.462667
2c 2d 2h 3s 4s 5s Ks,0.546000,0.402333
2c 2d 2h 3h 4h 5h Ah,0.962000,0.978333
2c 2d 2h 3h 4h 5h As,0.662500,0.516000
2c 2d 2h 3h 4h 5s As,0.737500,0.617667
2c 2d 2h 3h 4s 5s As,0.734000,0.573000
2c 2d 2h 3s 4s 5s As,0.699000,0.557333
2c 2d 2h 3h 4h 6h 6s,0.916500,0.856000
2c 2d 2h 3h 4h 6h 7h,0.675500,0.539333
2c 2d 2h 3h 4h 6h 7s,0.592000,0.504333
2c 2d 2h 3h 4h 6s 7s,0.617500,0.554000
2c 2d 2h 3h 4s 6s 7s,0.615500,0.527667
2c 2d 2h 3s 4s 6s 7s,0.613500,0.489667
2c 2d 2h 3h 4h 6h 8h,0.719000,0.534000
2c 2d 2h 3h 4h 6h 8s,0.570500,0.510000
2c 2d 2h 3h 4h 6s 8s,0.599500,0.542000
2c 2d 2h 3h 4s 6s 8s,0.611000,0.542333
2c 2d 2h 3s 4s 6s 8s,0.579500,0.477333
2c 2d 2h 3h 4h 6h 9h,0.719500,0.523667
2c 2d 2h 3h 4h 6h 9s,0.573500,0.459667
2c 2d 2h 3h 4h 6s 9s,0.648000,0.535667
2c 2d 2h 3h 4s 6s 9s,0.651000,0.544333
2c 2d 2h 3s 4s 6s 9s,0.578000,0.471667
2c 2d 2h 3h 4h 6h 10h,0.709500,0.532000
2c 2d 2h 3h 4h 6h 10s,0.599500,0.495333
2c 2d 2h 3h 4h 6s 10s,0.643500,0.557667
2c 2d 2h 3h 4s 6s 10s,0.656500,0.547000
2c 2d 2h 3s 4s 6s 10s,0.576000,0.480000
2c 2d 2h 3h 4h 6h Jh,0.700000,0.529000
2c 2d 2h 3h 4h 6h Js,0.591000,0.456000
2c 2d 2h 3h 4h 6s Js,0.663500,0.582667
2c 2d 2h 3h 4s 6s Js,0.647000,0.574000
2c 2d 2h 3s 4s 6s Js,0.587000,0.478667
2c 2d 2h 3h 4h 6h Qh,0.705500,0.540667
2c 2d 2h 3h 4h 6h Qs,0.625000,0.509333
2c 2d 2h 3h 4h 6s Qs,0.643500,0.560000
2c 2d 2h 3h 4s 6s Qs,0.651500,0.534000
2c 2d 2h 3s 4s 6s Qs,0.610000,0.479667
2c 2d 2h 3h 4h 6h Kh,0.711500,0.526333
2c 2d 2h 3h 4h 6h Ks,0.621500,0.508000
2c 2d 2h 3h 4h 6s Ks,0.662500,0.569333
2c 2d 2h 3h 4s 6s Ks,0.677000,0.556333
2c 2d 2h 3s 4s 6s Ks,0.606500,0.480333
2c 2d 2h 3h 4h 6h Ah,0.718000,0.563333
2c 2d 2h 3h 4h 6h As,0.607000,0.495333
2c 2d 2h 3h 4h 6s As,0.661500,0.540000
2c 2d 2h 3h 4s 6s As,0.659000,0.537333
2c 2d 2h 3s 4s 6s As,0.615500,0.468000
2c 2d 2h 3h 4h 7h 7s,0.917500,0.876667
2c 2d 2h 3h 4h 7h 8h,0.708500,0.542667
2c 2d 2h 3h 4h 7h 8s,0.624000,0.527667
2c 2d 2h 3h 4h 7s 8s,0.672500,0.625667
2c 2d 2h 3h 4s 7s 8s,0.684500,0.615667
2c 2d 2h 3s 4s 7s 8s,0.617000,0.543667
2c 2d 2h 3h 4h 7h 9h,0.698500,0.527000
2c 2d 2h 3h 4h 7h 9s,0.601000,0.542000
2c 2d 2h 3h 4h 7s 9s,0.698500,0.604333
2c 2d 2h 3h 4s 7s 9s,0.671500,0.610000
2c 2d 2h 3s 4s 7s 9s,0.608500,0.510667
2c 2d 2h 3h 4h 7h 10h,0.722500,0.564000
2c 2d 2h 3h 4h 7h 10s,0.635500,0.542333
2c 2d 2h 3h 4h 7s 10s,0.691000,0.620000
2c 2d 2h 3h 4s 7s 10s,0.680500,0.612667
2c 2d 2h 3s 4s 7s 10s,0.602500,0.521333
2c 2d 2h 3h 4h 7h Jh,0.715000,0.553667
2c 2d 2h 3h 4h 7h Js,0.651000,0.543667
2c 2d 2h 3h 4h 7s Js,0.699500,0.608333
2c 2d 2h 3h 4s 7s Js,0.669500,0.648000
2c 2d 2h 3s 4s 7s Js,0.632000,0.534000
2c 2d 2h 3h 4h 7h Qh,0.722500,0.547667
2c 2d 2h 3h 4h 7h Qs,0.671000,0.553000
2c 2d 2h 3h 4h 7s Qs,0.713000,0.626333
2c 2d 2h 3h 4s 7s Qs,0.701500,0.657333
2c 2d 2h 3s 4s 7s Qs,0.658500,0.563000
2c 2d 2h 3h 4h 7h Kh,0.728500,0.549000
2c 2d 2h 3h 4h 7h Ks,0.656000,0.542333
2c 2d 2h 3h 4h 7s Ks,0.716000,0.651667
2c 2d 2h 3h 4s 7s Ks,0.712500,0.634333
2c 2d 2h 3s 4s 7s Ks,0.672000,0.557000
2c 2d 2h 3h 4h 7h Ah,0.703500,0.584000
2c 2d 2h 3h 4h 7h As,0.657000,0.488333
2c 2d 2h 3h 4h 7s As,0.687500,0.582333
2c 2d 2h 3h 4s 7s As,0.702000,0.590667
2c 2d 2h 3s 4s 7s As,0.662500,0.543333
2c 2d 2h 3h 4h 8h 8s,0.921000,0.874667
2c 2d 2h 3h 4h 8h 9h,0.705000,0.545667
2c 2d 2h 3h 4h 8h 9s,0.648500,0.558333
2c 2d 2h 3h 4h 8s 9s,0.675500,0.608000
2c 2d 2h 3h 4s 8s 9s,0.701500,0.638000
2c 2d 2h 3s 4s 8s 9s,0.635000,0.542000
2c 2d 2h 3h 4h 8h 10h,0.707500,0.535000
2c 2d 2h 3h 4h 8h 10s,0.667000,0.542000
2c 2d 2h 3h 4h 8s 10s,0.705500,0.649000
2c 2d 2h 3h 4s 8s 10s,0.714000,0.637333
2c 2d 2h 3s 4s 8s 10s,0.685500,0.539667
2c 2d 2h 3h 4h 8h Jh,0.738000,0.568000
2c 2d 2h 3h 4h 8h Js,0.636500,0.545000
2c 2d 2h 3h 4h 8s Js,0.716000,0.649000
2c 2d 2h 3h 4s 8s Js,0.713000,0.611667
2c 2d 2h 3s 4s 8s Js,0.667000,0.549000
2c 2d 2h 3h 4h 8h Qh,0.721000,0.557333
2c 2d 2h 3h 4h 8h Qs,0.664500,0.573000
2c 2d 2h 3h 4h 8s Qs,0.724000,0.636333
2c 2d 2h 3h 4s 8s Qs,0.717500,0.631333
2c 2d 2h 3s 4s 8s Qs,0.689500,0.534000
2c 2d 2h 3h 4h 8h Kh,0.743000,0.553000
2c 2d 2h 3h 4h 8h Ks,0.693000,0.543000
2c 2d 2h 3h 4h 8s Ks,0.708500,0.643333
2c 2d 2h 3h 4s 8s Ks,0.729500,0.644000
2c 2d 2h 3s 4s 8s Ks,0.664500,0.575000
2c 2d 2h 3h 4h 8h Ah,0.764000,0.595000
2c 2d 2h 3h 4h 8h As,0.646000,0.515667
2c 2d 2h 3h 4h 8s As,0.712000,0.579333
2c 2d 2h 3h 4s 8s As,0.708500,0.584667
2c 2d 2h 3s 4s 8s As,0.649500,0.501333
2c 2d 2h 3h 4h 9h 9s,0.925500,0.871000
2c 2d 2h 3h 4h 9h 10h,0.716500,0.532000
2c 2d 2h 3h 4h 9h 10s,0.674000,0.562667
2c 2d 2h 3h 4h 9s 10s,0.698000,0.616000
2c 2d 2h 3h 4s 9s 10s,0.725000,0.641000
2c 2d 2h 3s 4s 9s 10s,0.672500,0.567333
2c 2d 2h 3h 4h 9h Jh,0.717500,0.544333
2c 2d 2h 3h 4h 9h Js,0.690000,0.562000
2c 2d 2h 3h 4h 9s Js,0.721000,0.634333
2c 2d 2h 3h 4s 9s Js,0.742500,0.648667
2c 2d 2h 3s 4s 9s Js,0.691500,0.528000
2c 2d 2h 3h 4h 9h Qh,0.731500,0.552667
2c 2d 2h 3h 4h 9h Qs,0.709500,0.555333
2c 2d 2h 3h 4h 9s Qs,0.742500,0.643000
2c 2d 2h 3h 4s 9s Qs,0.707000,0.658333
2c 2d 2h 3s 4s 9s Qs,0.684500,0.568333
2c 2d 2h 3h 4h 9h Kh,0.737500,0.589333
2c 2d 2h 3h 4h 9h Ks,0.707000,0.582333
2c 2d 2h 3h 4h 9s Ks,0.770000,0.675333
2c 2d 2h 3h 4s 9s Ks,0.733500,0.659333
2c 2d 2h 3s 4s 9s Ks,0.693500,0.567000
2c 2d 2h 3h 4h 9h Ah,0.730500,0.570667
2c 2d 2h 3h 4h 9h As,0.685000,0.525000
2c 2d 2h 3h 4h 9s As,0.760000,0.589333
2c 2d 2h 3h 4s 9s As,0.733000,0.590667
2c 2d 2h 3s 4s 9s As,0.670000,0.524000
2c 2d 2h 3h 4h 10h 10s,0.923500,0.877667
2c 2d 2h 3h 4h 10h Jh,0.757500,0.520333
2c 2d 2h 3h 4h 10h Js,0.673500,0.571333
2c 2d 2h 3h 4h 10s Js,0.709500,0.667000
2c 2d 2h 3h 4s 10s Js,0.736000,0.648333
2c 2d 2h 3s 4s 10s Js,0.693000,0.565000
2c 2d 2h 3h 4h 10h Qh,0.716000,0.537667
2c 2d 2h 3h 4h 10h Qs,0.705500,0.591333
2c 2d 2h 3h 4h 10s Qs,0.765500,0.653667
2c 2d 2h 3h 4s 10s Qs,0.758500,0.674667
2c 2d 2h 3s 4s 10s Qs,0.707000,0.565667
2c 2d 2h 3h 4h 10h Kh,0.722500,0.589000
2c 2d 2h 3h 4h 10h Ks,0.704500,0.579000
2c 2d 2h 3h 4h 10s Ks,0.743500,0.660333
2c 2d 2h 3h 4s 10s Ks,0.744500,0.678000
2c 2d 2h 3s 4s 10s Ks,0.703500,0.570667
2c 2d 2h 3h 4h 10h Ah,0.733500,0.598000
2c 2d 2h 3h 4h 10h As,0.668500,0.535000
2c 2d 2h 3h 4h 10s As,0.720500,0.584667
2c 2d 2h 3h 4s 10s As,0.731000,0.605000
2c 2d 2h 3s 4s 10s As,0.687500,0.524000
2c 2d 2h 3h 4h Jh Js,0.933000,0.872667
2c 2d 2h 3h 4h Jh Qh,0.716500,0.601667
2c 2d 2h 3h 4h Jh Qs,0.705500,0.606000
2c 2d 2h 3h 4h Js Qs,0.757500,0.676000
2c 2d 2h 3h 4s Js Qs,0.762500,0.660000
2c 2d 2h 3s 4s Js Qs,0.683500,0.602333
2c 2d 2h 3h 4h Jh Kh,0.723500,0.583000
2c 2d 2h 3h 4h Jh Ks,0.716500,0.589667
2c 2d 2h 3h 4h Js Ks,0.792000,0.674000
2c 2d 2h 3h 4s Js Ks,0.777000,0.680333
2c 2d 2h 3s 4s Js Ks,0.740500,0.602667
2c 2d 2h 3h 4h Jh Ah,0.725500,0.576000
2c 2d 2h 3h 4h Jh As,0.713500,0.497333
2c 2d 2h 3h 4h Js As,0.751000,0.636333
2c 2d 2h 3h 4s Js As,0.736500,0.629000
2c 2d 2h 3s 4s Js As,0.664000,0.534000
2c 2d 2h 3h 4h Qh Qs,0.938000,0.873000
2c 2d 2h 3h 4h Qh Kh,0.772000,0.605667
2c 2d 2h 3h 4h Qh Ks,0.756000,0.607000
2c 2d 2h 3h 4h Qs Ks,0.786500,0.689000
2c 2d 2h 3h 4s Qs Ks,0.786000,0.706000
2c 2d 2h 3s 4s Qs Ks,0.743500,0.634667
2c 2d 2h 3h 4h Qh Ah,0.749500,0.599333
2c 2d 2h 3h 4h Qh As,0.701000,0.547000
2c 2d 2h 3h 4h Qs As,0.760000,0.632333
2c 2d 2h 3h 4s Qs As,0.774500,0.646333
2c 2d 2h 3s 4s Qs As,0.731000,0.575667
2c 2d 2h 3h 4h Kh Ks,0.937000,0.878333
2c 2d 2h 3h 4h Kh Ah,0.735000,0.598000
2c 2d 2h 3h 4h Kh As,0.742000,0.614000
2c 2d 2h 3h 4h Ks As,0.795000,0.653333
2c 2d 2h 3h 4s Ks As,0.793500,0.669333
2c 2d 2h 3s 4s Ks As,0.750500,0.606333
2c 2d 2h 3h 4h Ah As,0.939000,0.881667
2c 2d 2h 3h 5h 5s 6s,0.884500,0.833333
2c 2d 2h 3h 5h 5s 7s,0.908000,0.826333
2c 2d 2h 3h 5h 5s 8s,0.891500,0.834667
2c 2d 2h 3h 5h 5s 9s,0.910000,0.831000
2c 2d 2h 3h 5h 5s 10s,0.906500,0.843667
2c 2d 2h 3h 5h 5s Js,0.895000,0.838000
2c 2d 2h 3h 5h 5s Qs,0.911000,0.831333
2c 2d 2h 3h 5h 5s Ks,0.909000,0.828333
2c 2d 2h 3h 5h 5s As,0.899000,0.826667
2c 2d 2h 3h 5h 6h 6s,0.912500,0.839667
2c 2d 2h 3h 5h 6h 7h,0.692500,0.488667
2c 2d 2h 3h 5h 6h 7s,0.557000,0.455333
2c 2d 2h 3h 5h 6s 7s,0.639000,0.504667
2c 2d 2h 3h 5s 6s 7s,0.628500,0.522667
2c 2d 2h 3s 5s 6s 7s,0.560000,0.465333
2c 2d 2h 3h 5h 6h 8h,0.682500,0.526000
2c 2d 2h 3h 5h 6h 8s,0.566000,0.437667
2c 2d 2h 3h 5h 6s 8s,0.618500,0.523333
2c 2d 2h 3h 5s 6s 8s,0.615500,0.526333
2c 2d 2h 3s 5s 6s 8s,0.566500,0.442333
2c 2d 2h 3h 5h 6h 9h,0.691500,0.512333
2c 2d 2h 3h 5h 6h 9s,0.579000,0.440667
2c 2d 2h 3h 5h 6s 9s,0.620000,0.540667
2c 2d 2h 3h 5s 6s 9s,0.645500,0.526333
2c 2d 2h 3s 5s 6s 9s,0.585500,0.449333
2c 2d 2h 3h 5h 6h 10h,0.706000,0.534667
2c 2d 2h 3h 5h 6h 10s,0.589500,0.513000
2c 2d 2h 3h 5h 6s 10s,0.674500,0.532667
2c 2d 2h 3h 5s 6s 10s,0.634500,0.555667
2c 2d 2h 3s 5s 6s 10s,0.582500,0.500333
2c 2d 2h 3h 5h 6h Jh,0.703500,0.516667
2c 2d 2h 3h 5h 6h Js,0.593000,0.484667
2c 2d 2h 3h 5h 6s Js,0.631000,0.561333
2c 2d 2h 3h 5s 6s Js,0.646500,0.526667
2c 2d 2h 3s 5s 6s Js,0.608500,0.453667
2c 2d 2h 3h 5h 6h Qh,0.708500,0.547000
2c 2d 2h 3h 5h 6h Qs,0.587000,0.485667
2c 2d 2h 3h 5h 6s Qs,0.671500,0.547333
2c 2d 2h 3h 5s 6s Qs,0.647000,0.552000
2c 2d 2h 3s 5s 6s Qs,0.601000,0.457333
2c 2d 2h 3h 5h 6h Kh,0.708000,0.575000
2c 2d 2h 3h 5h 6h Ks,0.635500,0.496333
2c 2d 2h 3h 5h 6s Ks,0.661500,0.555333
2c 2d 2h 3h 5s 6s Ks,0.708000,0.562000
2c 2d 2h 3s 5s 6s Ks,0.637500,0.487000
2c 2d 2h 3h 5h 6h Ah,0.698500,0.574333
2c 2d 2h 3h 5h 6h As,0.620000,0.448000
2c 2d 2h 3h 5h 6s As,0.653000,0.536000
2c 2d 2h 3h 5s 6s As,0.666500,0.511667
2c 2d 2h 3s 5s 6s As,0.603500,0.447333
2c 2d 2h 3h 5h 7h 7s,0.926000,0.870667
2c 2d 2h 3h 5h 7h 8h,0.705500,0.514333
2c 2d 2h 3h 5h 7h 8s,0.621000,0.508000
2c 2d 2h 3h 5h 7s 8s,0.663000,0.622667
2c 2d 2h 3h 5s 7s 8s,0.656500,0.618000
2c 2d 2h 3s 5s 7s 8s,0.606500,0.515667
2c 2d 2h 3h 5h 7h 9h,0.722500,0.535667
2c 2d 2h 3h 5h 7h 9s,0.615500,0.538333
2c 2d 2h 3h 5h 7s 9s,0.702000,0.595000
2c 2d 2h 3h 5s 7s 9s,0.675500,0.628000
2c 2d 2h 3s 5s 7s 9s,0.668000,0.552333
2c 2d 2h 3h 5h 7h 10h,0.716000,0.536667
2c 2d 2h 3h 5h 7h 10s,0.649500,0.565667
2c 2d 2h 3h 5h 7s 10s,0.686000,0.609000
2c 2d 2h 3h 5s 7s 10s,0.705000,0.625000
2c 2d 2h 3s 5s 7s 10s,0.639000,0.538000
2c 2d 2h 3h 5h 7h Jh,0.707500,0.543000
2c 2d 2h 3h 5h 7h Js,0.647500,0.575333
2c 2d 2h 3h 5h 7s Js,0.691500,0.612333
2c 2d 2h 3h 5s 7s Js,0.679000,0.639667
2c 2d 2h 3s 5s 7s Js,0.622500,0.523000
2c 2d 2h 3h 5h 7h Qh,0.740000,0.575333
2c 2d 2h 3h 5h 7h Qs,0.643000,0.548333
2c 2d 2h 3h 5h 7s Qs,0.708000,0.628667
2c 2d 2h 3h 5s 7s Qs,0.724000,0.627667
2c 2d 2h 3s 5s 7s Qs,0.647500,0.540667
2c 2d 2h 3h 5h 7h Kh,0.714500,0.541000
2c 2d 2h 3h 5h 7h Ks,0.657000,0.584000
2c 2d 2h 3h 5h 7s Ks,0.698500,0.650333
2c 2d 2h 3h 5s 7s Ks,0.723500,0.640333
2c 2d 2h 3s 5s 7s Ks,0.660000,0.561667
2c 2d 2h 3h 5h 7h Ah,0.739500,0.548000
2c 2d 2h 3h 5h 7h As,0.637000,0.508000
2c 2d 2h 3h 5h 7s As,0.695500,0.547000
2c 2d 2h 3h 5s 7s As,0.690500,0.589667
2c 2d 2h 3s 5s 7s As,0.631000,0.512333
2c 2d 2h 3h 5h 8h 8s,0.911000,0.849667
2c 2d 2h 3h 5h 8h 9h,0.691500,0.556000
2c 2d 2h 3h 5h 8h 9s,0.636500,0.522667
2c 2d 2h 3h 5h 8s 9s,0.699500,0.637333
2c 2d 2h 3h 5s 8s 9s,0.679000,0.623333
2c 2d 2h 3s 5s 8s 9s,0.639000,0.516333
2c 2d 2h 3h 5h 8h 10h,0.726000,0.507333
2c 2d 2h 3h 5h 8h 10s,0.641000,0.546667
2c 2d 2h 3h 5h 8s 10s,0.705500,0.632667
2c 2d 2h 3h 5s 8s 10s,0.688500,0.621667
2c 2d 2h 3s 5s 8s 10s,0.622000,0.546000
2c 2d 2h 3h 5h 8h Jh,0.733000,0.549667
2c 2d 2h 3h 5h 8h Js,0.629000,0.553667
2c 2d 2h 3h 5h 8s Js,0.728000,0.648000
2c 2d 2h 3h 5s 8s Js,0.692000,0.607000
2c 2d 2h 3s 5s 8s Js,0.627000,0.544000
2c 2d 2h 3h 5h 8h Qh,0.724000,0.578000
2c 2d 2h 3h 5h 8h Qs,0.657000,0.547667
2c 2d 2h 3h 5h 8s Qs,0.735500,0.659000
2c 2d 2h 3h 5s 8s Qs,0.755000,0.652667
2c 2d 2h 3s 5s 8s Qs,0.685000,0.555000
2c 2d 2h 3h 5h 8h Kh,0.733000,0.585333
2c 2d 2h 3h 5h 8h Ks,0.686000,0.582000
2c 2d 2h 3h 5h 8s Ks,0.738500,0.659333
2c 2d 2h 3h 5s 8s Ks,0.735500,0.639667
2c 2d 2h 3s 5s 8s Ks,0.697000,0.572333
2c 2d 2h 3h 5h 8h Ah,0.752500,0.558000
2c 2d 2h 3h 5h 8h As,0.673000,0.474000
2c 2d 2h 3h 5h 8s As,0.715000,0.570333
2c 2d 2h 3h 5s 8s As,0.691000,0.572333
2c 2d 2h 3s 5s 8s As,0.681000,0.517000
2c 2d 2h 3h 5h 9h 9s,0.928500,0.880667
2c 2d 2h 3h 5h 9h 10h,0.760500,0.569667
2c 2d 2h 3h 5h 9h 10s,0.660500,0.529000
2c 2d 2h 3h 5h 9s 10s,0.716500,0.632667
2c 2d 2h 3h 5s 9s 10s,0.692500,0.616333
2c 2d 2h 3s 5s 9s 10s,0.635500,0.531000
2c 2d 2h 3h 5h 9h Jh,0.728500,0.592667
2c 2d 2h 3h 5h 9h Js,0.678500,0.554000
2c 2d 2h 3h 5h 9s Js,0.730500,0.639000
2c 2d 2h 3h 5s 9s Js,0.730000,0.651000
2c 2d 2h 3s 5s 9s Js,0.675000,0.539333
2c 2d 2h 3h 5h 9h Qh,0.718000,0.565333
2c 2d 2h 3h 5h 9h Qs,0.697000,0.568000
2c 2d 2h 3h 5h 9s Qs,0.736500,0.672000
2c 2d 2h 3h 5s 9s Qs,0.736500,0.649333
2c 2d 2h 3s 5s 9s Qs,0.670000,0.567333
2c 2d 2h 3h 5h 9h Kh,0.752500,0.602333
2c 2d 2h 3h 5h 9h Ks,0.696500,0.554333
2c 2d 2h 3h 5h 9s Ks,0.751500,0.666667
2c 2d 2h 3h 5s 9s Ks,0.761000,0.655333
2c 2d 2h 3s 5s 9s Ks,0.679500,0.562667
2c 2d 2h 3h 5h 9h Ah,0.733500,0.577667
2c 2d 2h 3h 5h 9h As,0.682500,0.526333
2c 2d 2h 3h 5h 9s As,0.739500,0.573000
2c 2d 2h 3h 5s 9s As,0.736500,0.599667
2c 2d 2h 3s 5s 9s As,0.657000,0.525333
2c 2d 2h 3h 5h 10h 10s,0.925500,0.883000
2c 2d 2h 3h 5h 10h Jh,0.736500,0.564000
2c 2d 2h 3h 5h 10h Js,0.694000,0.560667
2c 2d 2h 3h 5h 10s Js,0.733000,0.654000
2c 2d 2h 3h 5s 10s Js,0.737000,0.681667
2c 2d 2h 3s 5s 10s Js,0.670000,0.534000
2c 2d 2h 3h 5h 10h Qh,0.760500,0.581667
2c 2d 2h 3h 5h 10h Qs,0.700500,0.574000
2c 2d 2h 3h 5h 10s Qs,0.747000,0.654000
2c 2d 2h 3h 5s 10s Qs,0.754000,0.676000
2c 2d 2h 3s 5s 10s Qs,0.707000,0.573333
2c 2d 2h 3h 5h 10h Kh,0.727000,0.587667
2c 2d 2h 3h 5h 10h Ks,0.706000,0.595000
2c 2d 2h 3h 5h 10s Ks,0.777500,0.676667
2c 2d 2h 3h 5s 10s Ks,0.762000,0.644000
2c 2d 2h 3s 5s 10s Ks,0.707500,0.571333
2c 2d 2h 3h 5h 10h Ah,0.726500,0.584000
2c 2d 2h 3h 5h 10h As,0.696500,0.517667
2c 2d 2h 3h 5h 10s As,0.734500,0.612667
2c 2d 2h 3h 5s 10s As,0.738000,0.610333
2c 2d 2h 3s 5s 10s As,0.687500,0.541333
2c 2d 2h 3h 5h Jh Js,0.927500,0.875333
2c 2d 2h 3h 5h Jh Qh,0.732500,0.589333
2c 2d 2h 3h 5h Jh Qs,0.723500,0.592000
2c 2d 2h 3h 5h Js Qs,0.773000,0.665333
2c 2d 2h 3h 5s Js Qs,0.784000,0.657333
2c 2d 2h 3s 5s Js Qs,0.706000,0.591333
2c 2d 2h 3h 5h Jh Kh,0.763000,0.576000
2c 2d 2h 3h 5h Jh Ks,0.728000,0.599333
2c 2d 2h 3h 5h Js Ks,0.761500,0.691333
2c 2d 2h 3h 5s Js Ks,0.782500,0.689667
2c 2d 2h 3s 5s Js Ks,0.715500,0.587667
2c 2d 2h 3h 5h Jh Ah,0.759000,0.587000
2c 2d 2h 3h 5h Jh As,0.722500,0.566333
2c 2d 2h 3h 5h Js As,0.739500,0.623667
2c 2d 2h 3h 5s Js As,0.759000,0.622333
2c 2d 2h 3s 5s Js As,0.697500,0.556000
2c 2d 2h 3h 5h Qh Qs,0.943500,0.864000
2c 2d 2h 3h 5h Qh Kh,0.756000,0.613667
2c 2d 2h 3h 5h Qh Ks,0.753500,0.600333
2c 2d 2h 3h 5h Qs Ks,0.800000,0.697000
2c 2d 2h 3h 5s Qs Ks,0.777500,0.692667
2c 2d 2h 3s 5s Qs Ks,0.749000,0.621333
2c 2d 2h 3h 5h Qh Ah,0.760500,0.618000
2c 2d 2h 3h 5h Qh As,0.737500,0.548333
2c 2d 2h 3h 5h Qs As,0.763500,0.671000
2c 2d 2h 3h 5s Qs As,0.774000,0.640667
2c 2d 2h 3s 5s Qs As,0.745000,0.571333
2c 2d 2h 3h 5h Kh Ks,0.943000,0.873667
2c 2d 2h 3h 5h Kh Ah,0.754000,0.604333
2c 2d 2h 3h 5h Kh As,0.739500,0.586000
2c 2d 2h 3h 5h Ks As,0.808500,0.654667
2c 2d 2h 3h 5s Ks As,0.816000,0.665333
2c 2d 2h 3s 5s Ks As,0.733000,0.593333
2c 2d 2h 3h 5h Ah As,0.934000,0.872667
2c 2d 2h 3h 6h 6s 7s,0.891000,0.826000
2c 2d 2h 3h 6h 6s 8s,0.905000,0.799667
2c 2d 2h 3h 6h 6s 9s,0.909500,0.836333
2c 2d 2h 3h 6h 6s 10s,0.903000,0.823333
2c 2d 2h 3h 6h 6s Js,0.912500,0.829333
2c 2d 2h 3h 6h 6s Qs,0.893000,0.819667
2c 2d 2h 3h 6h 6s Ks,0.889500,0.849333
2c 2d 2h 3h 6h 6s As,0.891000,0.844667
2c 2d 2h 3h 6h 7h 7s,0.917500,0.882667
2c 2d 2h 3h 6h 7h 8h,0.724000,0.520000
2c 2d 2h 3h 6h 7h 8s,0.612500,0.510000
2c 2d 2h 3h 6h 7s 8s,0.680000,0.591667
2c 2d 2h 3h 6s 7s 8s,0.666000,0.632000
2c 2d 2h 3s 6s 7s 8s,0.633500,0.502333
2c 2d 2h 3h 6h 7h 9h,0.712500,0.537667
2c 2d 2h 3h 6h 7h 9s,0.609000,0.553333
2c 2d 2h 3h 6h 7s 9s,0.673500,0.594333
2c 2d 2h 3h 6s 7s 9s,0.690000,0.579667
2c 2d 2h 3s 6s 7s 9s,0.614500,0.514667
2c 2d 2h 3h 6h 7h 10h,0.709000,0.529333
2c 2d 2h 3h 6h 7h 10s,0.650500,0.538333
2c 2d 2h 3h 6h 7s 10s,0.719000,0.581667
2c 2d 2h 3h 6s 7s 10s,0.698000,0.622333
2c 2d 2h 3s 6s 7s 10s,0.638000,0.542667
2c 2d 2h 3h 6h 7h Jh,0.717000,0.534000
2c 2d 2h 3h 6h 7h Js,0.656000,0.529000
2c 2d 2h 3h 6h 7s Js,0.705500,0.626000
2c 2d 2h 3h 6s 7s Js,0.702500,0.641333
2c 2d 2h 3s 6s 7s Js,0.628000,0.533000
2c 2d 2h 3h 6h 7h Qh,0.722000,0.561667
2c 2d 2h 3h 6h 7h Qs,0.663000,0.574667
2c 2d 2h 3h 6h 7s Qs,0.705500,0.637667
2c 2d 2h 3h 6s 7s Qs,0.707000,0.646667
2c 2d 2h 3s 6s 7s Qs,0.653000,0.569000
2c 2d 2h 3h 6h 7h Kh,0.716500,0.537667
2c 2d 2h 3h 6h 7h Ks,0.668000,0.561333
2c 2d 2h 3h 6h 7s Ks,0.716000,0.666667
2c 2d 2h 3h 6s 7s Ks,0.739000,0.644667
2c 2d 2h 3s 6s 7s Ks,0.687000,0.575333
2c 2d 2h 3h 6h 7h Ah,0.717500,0.571667
2c 2d 2h 3h 6h 7h As,0.668500,0.579333
2c 2d 2h 3h 6h 7s As,0.726500,0.683333
2c 2d 2h 3h 6s 7s As,0.731500,0.686333
2c 2d 2h 3s 6s 7s As,0.658000,0.579667
2c 2d 2h 3h 6h 8h 8s,0.933500,0.851667
2c 2d 2h 3h 6h 8h 9h,0.727000,0.545333
2c 2d 2h 3h 6h 8h 9s,0.649500,0.523000
2c 2d 2h 3h 6h 8s 9s,0.689500,0.606667
2c 2d 2h 3h 6s 8s 9s,0.694500,0.646333
2c 2d 2h 3s 6s 8s 9s,0.648000,0.521000
2c 2d 2h 3h 6h 8h 10h,0.734000,0.540333
2c 2d 2h 3h 6h 8h 10s,0.663500,0.550000
2c 2d 2h 3h 6h 8s 10s,0.705500,0.647333
2c 2d 2h 3h 6s 8s 10s,0.721000,0.646333
2c 2d 2h 3s 6s 8s 10s,0.672500,0.551333
2c 2d 2h 3h 6h 8h Jh,0.741500,0.552000
2c 2d 2h 3h 6h 8h Js,0.670500,0.575000
2c 2d 2h 3h 6h 8s Js,0.719000,0.655000
2c 2d 2h 3h 6s 8s Js,0.693500,0.649667
2c 2d 2h 3s 6s 8s Js,0.640500,0.535000
2c 2d 2h 3h 6h 8h Qh,0.757500,0.560667
2c 2d 2h 3h 6h 8h Qs,0.701000,0.547333
2c 2d 2h 3h 6h 8s Qs,0.750000,0.671667
2c 2d 2h 3h 6s 8s Qs,0.739000,0.654000
2c 2d 2h 3s 6s 8s Qs,0.659500,0.549333
2c 2d 2h 3h 6h 8h Kh,0.730500,0.594000
2c 2d 2h 3h 6h 8h Ks,0.706500,0.573000
2c 2d 2h 3h 6h 8s Ks,0.752000,0.662333
2c 2d 2h 3h 6s 8s Ks,0.735000,0.656000
2c 2d 2h 3s 6s 8s Ks,0.667000,0.577667
2c 2d 2h 3h 6h 8h Ah,0.726500,0.590333
2c 2d 2h 3h 6h 8h As,0.713500,0.579333
2c 2d 2h 3h 6h 8s As,0.755000,0.656333
2c 2d 2h 3h 6s 8s As,0.772000,0.661333
2c 2d 2h 3s 6s 8s As,0.684500,0.585667
2c 2d 2h 3h 6h 9h 9s,0.926000,0.872000
2c 2d 2h 3h 6h 9h 10h,0.716000,0.565333
2c 2d 2h 3h 6h 9h 10s,0.674500,0.554333
2c 2d 2h 3h 6h 9s 10s,0.703500,0.651000
2c 2d 2h 3h 6s 9s 10s,0.724000,0.632333
2c 2d 2h 3s 6s 9s 10s,0.661000,0.529000
2c 2d 2h 3h 6h 9h Jh,0.726500,0.546333
2c 2d 2h 3h 6h 9h Js,0.680500,0.592667
2c 2d 2h 3h 6h 9s Js,0.762000,0.667667
2c 2d 2h 3h 6s 9s Js,0.734000,0.664333
2c 2d 2h 3s 6s 9s Js,0.687500,0.554667
2c 2d 2h 3h 6h 9h Qh,0.721500,0.566667
2c 2d 2h 3h 6h 9h Qs,0.703500,0.559000
2c 2d 2h 3h 6h 9s Qs,0.732000,0.670667
2c 2d 2h 3h 6s 9s Qs,0.743500,0.668000
2c 2d 2h 3s 6s 9s Qs,0.683500,0.567667
2c 2d 2h 3h 6h 9h Kh,0.761000,0.584000
2c 2d 2h 3h 6h 9h Ks,0.676000,0.587333
2c 2d 2h 3h 6h 9s Ks,0.758500,0.682667
2c 2d 2h 3h 6s 9s Ks,0.753000,0.678667
2c 2d 2h 3s 6s 9s Ks,0.713500,0.587333
2c 2d 2h 3h 6h 9h Ah,0.729500,0.592333
2c 2d 2h 3h 6h 9h As,0.715500,0.603333
2c 2d 2h 3h 6h 9s As,0.768500,0.676667
2c 2d 2h 3h 6s 9s As,0.780500,0.649667
2c 2d 2h 3s 6s 9s As,0.694500,0.587667
2c 2d 2h 3h 6h 10h 10s,0.914500,0.877667
2c 2d 2h 3h 6h 10h Jh,0.729000,0.574000
2c 2d 2h 3h 6h 10h Js,0.683500,0.599000
2c 2d 2h 3h 6h 10s Js,0.759500,0.664667
2c 2d 2h 3h 6s 10s Js,0.751500,0.658667
2c 2d 2h 3s 6s 10s Js,0.669500,0.589000
2c 2d 2h 3h 6h 10h Qh,0.765000,0.586333
2c 2d 2h 3h 6h 10h Qs,0.709000,0.580333
2c 2d 2h 3h 6h 10s Qs,0.765000,0.682000
2c 2d 2h 3h 6s 10s Qs,0.766500,0.684333
2c 2d 2h 3s 6s 10s Qs,0.705000,0.576667
2c 2d 2h 3h 6h 10h Kh,0.743500,0.605667
2c 2d 2h 3h 6h 10h Ks,0.710000,0.563667
2c 2d 2h 3h 6h 10s Ks,0.782000,0.674667
2c 2d 2h 3h 6s 10s Ks,0.768500,0.713000
2c 2d 2h 3s 6s 10s Ks,0.721000,0.585333
2c 2d 2h 3h 6h 10h Ah,0.731000,0.595000
2c 2d 2h 3h 6h 10h As,0.733000,0.611000
2c 2d 2h 3h 6h 10s As,0.782000,0.709667
2c 2d 2h 3h 6s 10s As,0.781000,0.691000
2c 2d 2h 3s 6s 10s As,0.704000,0.606667
2c 2d 2h 3h 6h Jh Js,0.930500,0.875667
2c 2d 2h 3h 6h Jh Qh,0.738500,0.575000
2c 2d 2h 3h 6h Jh Qs,0.730500,0.604000
2c 2d 2h 3h 6h Js Qs,0.791000,0.683000
2c 2d 2h 3h 6s Js Qs,0.787500,0.669667
2c 2d 2h 3s 6s Js Qs,0.721000,0.606667
2c 2d 2h 3h 6h Jh Kh,0.753000,0.600667
2c 2d 2h 3h 6h Jh Ks,0.732500,0.614333
2c 2d 2h 3h 6h Js Ks,0.817500,0.715667
2c 2d 2h 3h 6s Js Ks,0.790000,0.711000
2c 2d 2h 3s 6s Js Ks,0.715000,0.612000
2c 2d 2h 3h 6h Jh Ah,0.738500,0.603000
2c 2d 2h 3h 6h Jh As,0.754000,0.608000
2c 2d 2h 3h 6h Js As,0.809000,0.712333
2c 2d 2h 3h 6s Js As,0.772000,0.718000
2c 2d 2h 3s 6s Js As,0.750000,0.573333
2c 2d 2h 3h 6h Qh Qs,0.925000,0.885667
2c 2d 2h 3h 6h Qh Kh,0.758000,0.590333
2c 2d 2h 3h 6h Qh Ks,0.748000,0.629667
2c 2d 2h 3h 6h Qs Ks,0.807000,0.711667
2c 2d 2h 3h 6s Qs Ks,0.818000,0.733000
2c 2d 2h 3s 6s Qs Ks,0.751000,0.600333
2c 2d 2h 3h 6h Qh Ah,0.759500,0.618000
2c 2d 2h 3h 6h Qh As,0.752000,0.606333
2c 2d 2h 3h 6h Qs As,0.815000,0.709667
2c 2d 2h 3h 6s Qs As,0.820500,0.744333
2c 2d 2h 3s 6s Qs As,0.765000,0.648000
2c 2d 2h 3h 6h Kh Ks,0.929500,0.883333
2c 2d 2h 3h 6h Kh Ah,0.754500,0.637000
2c 2d 2h 3h 6h Kh As,0.775000,0.646333
2c 2d 2h 3h 6h Ks As,0.835500,0.737333
2c 2d 2h 3h 6s Ks As,0.830000,0.734667
2c 2d 2h 3s 6s Ks As,0.772000,0.650000
2c 2d 2h 3h 6h Ah As,0.938500,0.880000
2c 2d 2h 3h 7h 7s 8s,0.918000,0.850000
2c 2d 2h 3h 7h 7s 9s,0.915500,0.844333
2c 2d 2h 3h 7h 7s 10s,0.902000,0.821000
2c 2d 2h 3h 7h 7s Js,0.901500,0.827667
2c 2d 2h 3h 7h 7s Qs,0.911000,0.854333
2c 2d 2h 3h 7h 7s Ks,0.913500,0.845000
2c 2d 2h 3h 7h 7s As,0.889000,0.851333
2c 2d 2h 3h 7h 8h 8s,0.918500,0.863333
2c 2d 2h 3h 7h 8h 9h,0.722500,0.550000
2c 2d 2h 3h 7h 8h 9s,0.626500,0.553333
2c 2d 2h 3h 7h 8s 9s,0.681500,0.617333
2c 2d 2h 3h 7s 8s 9s,0.700500,0.636333
2c 2d 2h 3s 7s 8s 9s,0.648000,0.523333
2c 2d 2h 3h 7h 8h 10h,0.705500,0.580667
2c 2d 2h 3h 7h 8h 10s,0.648000,0.540667
2c 2d 2h 3h 7h 8s 10s,0.706000,0.642000
2c 2d 2h 3h 7s 8s 10s,0.699000,0.643000
2c 2d 2h 3s 7s 8s 10s,0.663000,0.536333
2c 2d 2h 3h 7h 8h Jh,0.753000,0.547667
2c 2d 2h 3h 7h 8h Js,0.652500,0.545667
2c 2d 2h 3h 7h 8s Js,0.712500,0.644000
2c 2d 2h 3h 7s 8s Js,0.723000,0.664333
2c 2d 2h 3s 7s 8s Js,0.665000,0.564000
2c 2d 2h 3h 7h 8h Qh,0.728500,0.549667
2c 2d 2h 3h 7h 8h Qs,0.683500,0.565667
2c 2d 2h 3h 7h 8s Qs,0.757000,0.648000
2c 2d 2h 3h 7s 8s Qs,0.743500,0.660667
2c 2d 2h 3s 7s 8s Qs,0.693500,0.588667
2c 2d 2h 3h 7h 8h Kh,0.756500,0.606000
2c 2d 2h 3h 7h 8h Ks,0.688000,0.574000
2c 2d 2h 3h 7h 8s Ks,0.760000,0.696333
2c 2d 2h 3h 7s 8s Ks,0.753000,0.694333
2c 2d 2h 3s 7s 8s Ks,0.714500,0.587333
2c 2d 2h 3h 7h 8h Ah,0.754500,0.612333
2c 2d 2h 3h 7h 8h As,0.690000,0.548000
2c 2d 2h 3h 7h 8s As,0.774000,0.702333
2c 2d 2h 3h 7s 8s As,0.736500,0.675000
2c 2d 2h 3s 7s 8s As,0.702000,0.591333
2c 2d 2h 3h 7h 9h 9s,0.921000,0.873333
2c 2d 2h 3h 7h 9h 10h,0.725000,0.582333
2c 2d 2h 3h 7h 9h 10s,0.666000,0.586667
2c 2d 2h 3h 7h 9s 10s,0.729500,0.636000
2c 2d 2h 3h 7s 9s 10s,0.723000,0.655333
2c 2d 2h 3s 7s 9s 10s,0.678000,0.575000
2c 2d 2h 3h 7h 9h Jh,0.718500,0.581000
2c 2d 2h 3h 7h 9h Js,0.657500,0.579333
2c 2d 2h 3h 7h 9s Js,0.760000,0.656667
2c 2d 2h 3h 7s 9s Js,0.733000,0.654333
2c 2d 2h 3s 7s 9s Js,0.660500,0.571000
2c 2d 2h 3h 7h 9h Qh,0.737000,0.594333
2c 2d 2h 3h 7h 9h Qs,0.710000,0.556667
2c 2d 2h 3h 7h 9s Qs,0.770000,0.668000
2c 2d 2h 3h 7s 9s Qs,0.755000,0.669333
2c 2d 2h 3s 7s 9s Qs,0.691000,0.595000
2c 2d 2h 3h 7h 9h Kh,0.765500,0.605000
2c 2d 2h 3h 7h 9h Ks,0.701500,0.579667
2c 2d 2h 3h 7h 9s Ks,0.730500,0.692000
2c 2d 2h 3h 7s 9s Ks,0.779000,0.679000
2c 2d 2h 3s 7s 9s Ks,0.708500,0.604000
2c 2d 2h 3h 7h 9h Ah,0.750000,0.592333
2c 2d 2h 3h 7h 9h As,0.711000,0.577667
2c 2d 2h 3h 7h 9s As,0.766500,0.698667
2c 2d 2h 3h 7s 9s As,0.777500,0.695333
2c 2d 2h 3s 7s 9s As,0.714000,0.582000
2c 2d 2h 3h 7h 10h 10s,0.929500,0.892333
2c 2d 2h 3h 7h 10h Jh,0.734000,0.591667
2c 2d 2h 3h 7h 10h Js,0.715500,0.621333
2c 2d 2h 3h 7h 10s Js,0.757500,0.677000
2c 2d 2h 3h 7s 10s Js,0.746500,0.682333
2c 2d 2h 3s 7s 10s Js,0.699500,0.578667
2c 2d 2h 3h 7h 10h Qh,0.757000,0.603333
2c 2d 2h 3h 7h 10h Qs,0.701500,0.610333
2c 2d 2h 3h 7h 10s Qs,0.754000,0.689667
2c 2d 2h 3h 7s 10s Qs,0.744000,0.684333
2c 2d 2h 3s 7s 10s Qs,0.729000,0.553000
2c 2d 2h 3h 7h 10h Kh,0.751000,0.593667
2c 2d 2h 3h 7h 10h Ks,0.703500,0.620333
2c 2d 2h 3h 7h 10s Ks,0.781000,0.693333
2c 2d 2h 3h 7s 10s Ks,0.770500,0.722667
2c 2d 2h 3s 7s 10s Ks,0.712500,0.593000
2c 2d 2h 3h 7h 10h Ah,0.759500,0.613000
2c 2d 2h 3h 7h 10h As,0.734500,0.613333
2c 2d 2h 3h 7h 10s As,0.797500,0.698333
2c 2d 2h 3h 7s 10s As,0.779000,0.720667
2c 2d 2h 3s 7s 10s As,0.731000,0.617000
2c 2d 2h 3h 7h Jh Js,0.929000,0.878000
2c 2d 2h 3h 7h Jh Qh,0.760000,0.616333
2c 2d 2h 3h 7h Jh Qs,0.712500,0.617667
2c 2d 2h 3h 7h Js Qs,0.810000,0.702000
2c 2d 2h 3h 7s Js Qs,0.739000,0.683333
2c 2d 2h 3s 7s Js Qs,0.738000,0.621667
2c 2d 2h 3h 7h Jh Kh,0.750500,0.583333
2c 2d 2h 3h 7h Jh Ks,0.737500,0.599000
2c 2d 2h 3h 7h Js Ks,0.794500,0.715667
2c 2d 2h 3h 7s Js Ks,0.805500,0.693667
2c 2d 2h 3s 7s Js Ks,0.741000,0.628000
2c 2d 2h 3h 7h Jh Ah,0.763500,0.599333
2c 2d 2h 3h 7h Jh As,0.728000,0.592000
2c 2d 2h 3h 7h Js As,0.806500,0.688667
2c 2d 2h 3h 7s Js As,0.807000,0.705333
2c 2d 2h 3s 7s Js As,0.767500,0.626000
2c 2d 2h 3h 7h Qh Qs,0.927500,0.877333
2c 2d 2h 3h 7h Qh Kh,0.763500,0.618333
2c 2d 2h 3h 7h Qh Ks,0.772000,0.623667
2c 2d 2h 3h 7h Qs Ks,0.808000,0.714000
2c 2d 2h 3h 7s Qs Ks,0.817500,0.737333
2c 2d 2h 3s 7s Qs Ks,0.750500,0.615667
2c 2d 2h 3h 7h Qh Ah,0.765000,0.635000
2c 2d 2h 3h 7h Qh As,0.758500,0.644667
2c 2d 2h 3h 7h Qs As,0.815000,0.728333
2c 2d 2h 3h 7s Qs As,0.821000,0.730000
2c 2d 2h 3s 7s Qs As,0.762500,0.643667
2c 2d 2h 3h 7h Kh Ks,0.936000,0.881333
2c 2d 2h 3h 7h Kh Ah,0.764000,0.611333
2c 2d 2h 3h 7h Kh As,0.789000,0.665667
2c 2d 2h 3h 7h Ks As,0.832000,0.754000
2c 2d 2h 3h 7s Ks As,0.846500,0.757333
2c 2d 2h 3s 7s Ks As,0.792000,0.672000
2c 2d 2h 3h 7h Ah As,0.940000,0.872667
2c 2d 2h 3h 8h 8s 9s,0.903500,0.837000
2c 2d 2h 3h 8h 8s 10s,0.903000,0.845000
2c 2d 2h 3h 8h 8s Js,0.898500,0.827000
2c 2d 2h 3h 8h 8s Qs,0.912000,0.845000
2c 2d 2h 3h 8h 8s Ks,0.906500,0.836667
2c 2d 2h 3h 8h 8s As,0.907500,0.841667
